movieId,polishTitle,originalTitle,year,fullRating,voteCount
99671,Ōritsu Uchūgu: Honneamise no Tsubasa,Ōritsu Uchūgu: Honneamise no Tsubasa,1987,7.56438,466
33184,Nieodwracalne,Irréversible,2002,7.23475,49922
8266,Ochotnicy,Volunteers,1985,5.89297,981
10033530,Przysięgły nr 2,Juror #2,2024,6.60023,33652
103468,Człowiek z Tokio,Tōkyō Nagaremono,1966,6.67426,571
693381,Travelling Salesman,Travelling Salesman,2012,5.68966,29
8239,"O-bi, o-ba: Koniec cywilizacji","O-bi, o-ba: Koniec cywilizacji",1984,7.31603,9420
264772,Adrenalina,Crank,2006,7.00417,169834
463637,Adrenalina 2. Pod napięciem,Crank: High Voltage,2009,6.2217,78481
210010,964 Pinokio,964 Pinocchio,1991,5.30875,583
4313,Jabłka Adama,Adams æbler,2005,7.70042,90650
4488,Celuloza,Celuloza,1953,6.75751,1831
102703,Matka,Mat,1926,7.19417,824
7411,Zapomniani,Los Olvidados,1950,7.405,2158
300373,Karuzela miłości,Körhinta,1956,6.78431,153
5913,Gra,Gra,1968,6.94695,1244
5475,Ewa chce spać,Ewa chce spać,1957,7.43597,9487
6901,Krzyk,Krzyk,1982,7.32365,2753
33168,Czy Lucyna to dziewczyna?,Czy Lucyna to dziewczyna?,1934,7.46972,6259
169425,Kaze no Na wa Amnesia,Kaze no Na wa Amnesia,1990,6.50633,79
276460,Karakuri no Kimi,Karakuri no Kimi,2000,7.44,25
105073,Człowiek zwany Ciszą,Il grande silenzio,1968,7.59717,2969
4185,Wielka draka w chińskiej dzielnicy,Big Trouble in Little China,1986,6.64833,19174
32956,Tajniak,Undercover Brother,2002,5.8226,2204
747403,Czarownica miłości,The Love Witch,2016,6.61979,6962
6318,"Dopadnę cię, frajerze!",I'm Gonna Git You Sucka,1988,5.91085,931
34449,Kidō Keisatsu Patlabor 2 the Movie,Kidō Keisatsu Patlabor 2 the Movie,1993,7.56319,364
122354,Plastic Little,Plastic Little,1994,6,87
139462,"Żegnaj, Arko!",Saraba hakobune,1984,7.06803,147
92977,Dziura,Le trou,1960,8.03546,2510
10079149,Kokuho,Kokuhō,2025,7.20539,1076
164103,Stone,Stone,1974,5.79375,160
11673,Wielki błękit,Le grand bleu,1988,7.50156,99999
34448,Kidō Keisatsu Patlabor,Kidō Keisatsu Patlabor,1989,6.99287,421
621639,100% no onna no ko,100% no onna no ko,1983,7.05128,39
139492,"Koniec sierpnia, początek września","Fin août, début septembre",1998,6.75325,77
107590,Bliżej,Closer,2004,7.19308,107388
87741,Il Mistero della donna scomparsa,Spoorloos,1988,7.18762,10969
10079938,Mała Amelia,Amélie et la métaphysique des tubes,2025,7.28686,1248
148842,On Your Mark,On Your Mark,1995,7.40556,2769
33294,Smak miodu,A Taste of Honey,1961,7.03914,1354
599080,Hadashi no Gen,Hadashi no Gen,1976,0,0
118068,Spriggan,Spriggan,1998,6.7993,573
32775,Życie biurowe,Office Space,1999,6.53841,10453
33075,Co się zdarzyło Baby Jane?,What Ever Happened to Baby Jane?,1962,7.97479,13170
34982,To ja zabiłem,To ja zabiłem,1974,6.2,385
99284,Carandiru,Carandiru,2003,7.30601,6245
467657,Plaże Agnes,Les plages d'Agnès,2008,7.39513,863
139428,Idiokracja,Idiocracy,2006,5.93308,41151
103089,Listy martwego człowieka,Pisma myortvogo cheloveka,1986,7.61411,1332
128934,Spadek,Karami-ai,1962,7.16854,89
128918,Kill,Kiru,1968,7.38058,515
38133,Powrót znad rzeki Kwai,Return from the River Kwai,1988,6.2621,496
502713,Cztery lwy,Four Lions,2010,6.61038,11578
349675,Natsu e no Tobira,Natsu e no Tobira,1981,5.72222,36
10101348,Szczury: Opowieść ze świata Wiedźmina,The Rats: A Witcher Tale,2025,5.25064,3519
486673,Wzgórza bezprawia,Serras da desordem,2006,5.2,5
290840,Magia uczuć,The Fall,2006,7.58352,11542
107587,Sekretne życie Waltera Mitty,The Secret Life of Walter Mitty,2013,7.0332,114615
10075491,Good Boy,Good Boy,2025,5.56766,6474
128404,Threads,Threads,1984,7.71616,4795
283296,A Hora da Estrela,A Hora da Estrela,1985,7.25,16
11398,Upadek,Falling Down,1993,7.66311,103337
107553,Człowiek pies,Unleashed,2005,7.29474,64495
1446,Sezon na leszcza,Sezon na leszcza,2000,5.40201,17783
99668,Topâzu,Topâzu,1992,6.35776,232
90809,Tokyo Fist,Tokyo Fist,1995,6.97548,775
34199,Marzyciele,The Dreamers,2003,7.2386,66756
4626,Kod nieznany,Code inconnu: Récit incomplet de divers voyages,2000,6.90403,3720
32293,Basen,La piscine,1969,7.39857,5442
659861,Młoda i piękna,Jeune & jolie,2013,6.17999,33490
754057,Where to Invade Next,Where to Invade Next,2015,6.81633,490
123646,Potępienie,Kárhozat,1988,7.6881,2395
35201,Historia zwykłego szaleństwa,Storie di ordinaria follia,1981,6.6036,111
104417,Susza,Vidas Secas,1963,6.73881,134
31690,Hana-bi,Hana-bi,1997,7.40859,4097
1339,U progu sławy,Almost Famous,2000,7.31732,17736
617120,Między wierszami,The Words,2012,7.23963,55322
40093,Kaliber 45,Ms. 45,1981,6.62314,1210
93086,Blood: The Last Vampire,Blood: The Last Vampire,2000,6.91053,3990
477137,(NIE) Tylko taniec,Dance Flick,2009,5.36704,5874
557033,Penguin's Memory - Shiawase monogatari,Penguin's Memory - Shiawase monogatari,1985,7.33333,9
32549,Towarzysze broni,La Grande Illusion,1937,7.2135,2904
147528,Milionerzy,Millions,2004,6.18295,1208
10047578,Kneecap. Hip-hopowa rewolucja,Kneecap,2024,7.49665,9844
9009,Płytki grób,Shallow Grave,1994,7.01265,13442
502797,Fish Tank,Fish Tank,2009,6.82086,24612
10426,Naciągacze,The Grifters,1990,6.80375,4000
1293,Cały ten zgiełk,All That Jazz,1979,7.78965,10416
34218,But Manitou,Der Schuh des Manitu,2001,6.84083,25821
6732,Dzieciaki,Kids,1995,6.69619,22728
300185,Sette contro la morte,Sette contro la morte,1964,6,2
8538,Parasolki z Cherbourga,Les Parapluies de Cherbourg,1964,7.03107,4410
117157,Szczęście,Le bonheur,1965,7.33262,2321
117158,Cléo od 5 do 7,Cléo de 5 à 7,1962,7.46227,4850
33486,Zeszłego roku w Marienbadzie,L'année dernière à Marienbad,1961,7.56756,5025
100640,Do utraty tchu,À bout de souffle,1960,7.47631,19160
104228,Dywan,Gabbeh,1996,7.00455,440
31900,Luźny gość,Freddy Got Fingered,2001,5.61926,6448
138687,Karta z kroniki szaleństwa,Kurutta ippêji,1926,7.233,897
118680,Kelnerzy,Waiting...,2005,6.50352,20740
734407,Victoria,Victoria,2015,7.18403,14579
123078,Harfa birmańska,Biruma no Tategoto,1956,7.65963,1516
5541,Faraon,Faraon,1965,7.39843,19667
1468,Matka Joanna od Aniołów,Matka Joanna od Aniołów,1961,7.76565,18558
322696,Żywot Matsuko,Kiraware Matsuko no Isshō,2006,7.77023,618
37826,Dajcie mi głowę Alfredo Garcii,Bring Me the Head of Alfredo Garcia,1974,7.08533,2625
9819,Nędzne psy,Straw Dogs,1971,7.43069,9183
34019,Konwój,Convoy,1978,7.22542,13149
783195,Ghost Story,A Ghost Story,2017,6.61504,21527
302429,Listy z Iwo Jimy,Letters from Iwo Jima,2006,7.58005,36559
31093,Wehikuł czasu,The Time Machine,2002,6.74906,41069
476220,Piąty wymiar,Triangle,2009,6.39838,28227
1503,Reich,Reich,2001,6.2679,25860
114802,Playtime,Playtime,1967,7.24868,2457
474573,Black Dynamite,Black Dynamite,2009,7.19252,6233
475937,W chmurach,Up in the Air,2009,6.8607,91611
200116,Most do Terabithii,Bridge to Terabithia,2007,7.30906,120363
7495,Made in Britain,Made in Britain,1982,6.72611,2187
303289,Chodźmy do paki,Let's Go to Prison,2006,6.45408,10137
108122,EuroTrip,EuroTrip,2004,6.86084,202121
348039,Hashire Melos!,Hashire Melos!,1992,7.625,8
94616,Pokój o grubych ścianach,Kabe atsuki heya,1956,6.50847,59
12054,Złote czasy radia,Radio Days,1987,7.36524,9632
106306,Waleria i tydzień cudów,Valerie a týden divů,1970,7.21361,4569
30828,Satyricon,Fellini - Satyricon,1969,7.10339,2776
11827,Wystarczy być,Being There,1979,7.49295,6593
10032679,Monster,Kaibutsu,2023,7.32228,12123
8966,Przypadek Pekosińskiego,Przypadek Pekosińskiego,1993,6.71739,1196
6527,Jak być kochaną,Jak być kochaną,1962,7.88531,13515
480366,Idol z piekła rodem,Get Him to the Greek,2010,6.05254,22934
471638,Dear Zachary: A Letter to a Son About His Father,Dear Zachary: A Letter to a Son About His Father,2008,7.64624,1289
119885,Film o pszczołach,Bee Movie,2007,6.41159,67283
10018921,Ślepa wierzba i śpiąca kobieta,"Saules aveugles, femme endormie",2022,6.53077,260
173274,Tony Takitani,Tony Takitani,2004,7.08771,1790
101004,Furman śmierci,Körkarlen,1921,7.78757,5150
119162,Wampir,Vampyr - Der Traum des Allan Grey,1932,7.08736,2049
1278,Pokój z widokiem,A Room with a View,1985,7.2569,12857
112984,Ciemności,Tenebre,1982,6.43775,3189
37601,Głęboka czerwień,Profondo rosso,1975,7.12107,7450
178185,Perdues dans New York,Perdues dans New York,1989,6.29839,124
10006331,Fresh,Fresh,2022,6.58995,15181
10039484,Wytłumaczenie wszystkiego,Magyarázat mindenre,2023,6.92767,2461
556191,Hamlet,Hamlet,2009,8.0641,1841
6020,Hamlet,Hamlet,1996,7.81027,9171
10041252,Sirocco i Królestwo Wichrów,Sirocco et le royaume des courants d'air,2023,7.05,20
1050,Myszy i ludzie,Of Mice and Men,1992,7.84077,22138
911,Human Traffic,Human Traffic,1999,7.36304,36401
103445,Kageroza,Kageroza,1981,7.24,50
872915,Juliet dans Paris,Juliet dans Paris,1967,6.95522,67
8423,Ostatni dzień lata,Ostatni dzień lata,1958,7.33594,9832
105084,L'Enfer,L'Enfer,1964,7.84127,63
31665,Ultrakrótkie,UHF,1989,6.54007,2583
10041406,Mnich i karabin,The Monk and the Gun,2023,6.86754,1457
159892,Sieci popołudnia,Meshes of the Afternoon,1943,7.81235,3304
10058545,"Rach, ciach!",Fixed,2025,5.29011,1789
10031860,Siostrzeństwo świętej sauny,Savvusanna sõsarad,2023,7.19243,4043
8096,Nieciekawa historia,Nieciekawa historia,1982,7.18987,1580
6700,Kartka z podróży,Kartka z podróży,1983,7.59741,1083
101741,Barwy granatu,Sayat Nova,1968,7.85863,4117
227395,Tobenai chinmoku,Tobenai chinmoku,1966,7.90909,66
30895,Apartament,L'Appartement,1996,7.17631,3403
730157,Kosmos,Cosmos,2015,6.14759,4465
10040950,Nocą w Nowym Jorku,Daddio,2023,6.7599,8255
139779,Bez słońca,Sans soleil,1983,7.51671,718
12048,Zwyczajni ludzie,Ordinary People,1980,7.0673,6478
5176,Poza prawem,Down by Law,1986,7.74922,18686
32709,Boy Meets Girl,Boy Meets Girl,1984,6.75906,552
9982,Szpital Przemienienia,Szpital Przemienienia,1978,7.80393,7844
32453,Żółty szalik,Żółty szalik,2000,7.69925,51548
11655,Widziadło,Widziadło,1983,5.74718,2219
203194,Spaleni słońcem 2,Utomlyonnye solntsem 2: Predstoyanie,2010,6.3619,2824
703,Spaleni słońcem,Utomlyonnye solntsem,1994,7.85858,24657
33307,Pootie Tang - pogromca zła,Pootie Tang,2001,4.86869,693
1252,Barton Fink,Barton Fink,1991,7.59702,29039
146417,"Klik: I robisz, co chcesz",Click,2006,6.46178,202356
4689,Córka górnika,Coal Miner's Daughter,1980,6.99912,1139
10008661,La chimera,La chimera,2023,6.83861,13297
10039421,Zła nie ma,Aku wa Sonzai Shinai,2023,6.4483,3317
10045876,Caillou,Caillou,2021,0,0
10035630,27,27,2023,5.82527,372
353546,Privarzaniyat balon,Privarzaniyat balon,1967,8.14286,7
221192,Jaskinia żołtego psa,Die Höhle des gelben Hundes,2005,7.84848,297
205982,Phase IV,Phase IV,1974,6.27689,437
281475,Kummatty,Kummatty,1979,7.4375,16
32452,Ptaki i ptaszyska,Uccellacci e uccellini,1966,7.14603,1260
36010,"Na los szczęścia, Baltazarze!",Au hasard Balthazar,1966,6.95949,3135
239626,Maynila: Sa mga kuko ng liwanag,Maynila: Sa mga kuko ng liwanag,1975,7.36449,214
10013448,Tsutsué,Tsutsué,2022,0,0
878125,Monkey Man,Monkey Man,2024,6.14948,5740
90356,Czerwony balonik,Le ballon rouge,1956,7.56087,2300
692197,Markiza Angelika,Angélique,2013,6.84205,6426
10040761,Café au lait,Café au lait,2022,0,0
765884,Les 10 Ans de 'La Haine',Les 10 Ans de 'La Haine',2005,8,1
5188,Drabina Jakubowa,Jacob's Ladder,1990,7.5522,41101
284374,Niepokój,Disturbia,2007,6.9798,87118
637,"Biegnij, Lola, biegnij",Lola rennt,1998,6.81299,51135
158,Przełamując fale,Breaking the Waves,1996,7.76595,47750
785550,Blask,Hikari,2017,6.38693,1592
111975,Nocny strażnik,Nattevagten,1994,6.81469,2164
792243,Mój piękny syn,Beautiful Boy,2018,7.33406,58453
10706,Wyrzutki,The Outsiders,1983,6.57291,5315
852038,Sukienka,Sukienka,2020,6.57648,4949
484466,Zrodzony w ogniu,Out of the Furnace,2013,6.72662,34158
95532,Podróż na Cyterę,Taxidi sta Kithira,1984,7.56345,394
179070,Senya Ichiya Monogatari,Senya Ichiya Monogatari,1969,6.79365,63
633150,"Co jest grane, Davis?",Inside Llewyn Davis,2013,6.68908,26788
824312,Długa podróż dnia ku nocy,Di Qiu Zui Hou De Ye Wan,2018,6.84846,1267
644432,Czas na miłość,About Time,2013,7.58373,206460
34273,Super zioło,How High,2001,6.89529,86173
103828,Przyjęcie u Dona,Don's Party,1976,6.64706,34
6059,Harry Angel,Angel Heart,1987,7.60057,51553
10019492,Heartbeat,Heartbeat,2022,0,0
983,Czarny deszcz,Black Rain,1989,6.96781,12956
10032689,Przesilenie zimowe,The Holdovers,2023,7.63022,65207
10029799,Shen Hai,Shen Hai,2023,7.18,50
97754,Truskawkowe oświadczenie,The Strawberry Statement,1970,7,91
1138,Na srebrnym globie,Na srebrnym globie,1987,6.68913,4452
10017200,Haken Anime,Haken Anime,2022,6.38462,13
869010,Shōjo Kageki Revue Starlight,Shōjo Kageki Revue Starlight,2021,8.42857,7
217090,Kamui no ken,Kamui no ken,1985,6.5,22
993,Głębia,The Abyss,1989,7.31205,34245
1042,Absolwent,The Graduate,1967,7.86108,86227
93662,Droga do miasta,Pather Panchali,1955,7.86526,2182
731541,Pokój,Room,2015,7.83081,195428
19,Boogie Nights,Boogie Nights,1997,7.21767,31290
786296,1922,1922,2017,6.03012,42823
628132,Himizu,Himizu,2011,7.03251,646
34372,Ninja Scroll,Jūbee Ninpūchō,1993,7.68007,7936
39126,Punki z Salt Lake City,SLC Punk!,1998,7.16781,3361
103771,Brama ciał,Nikutai no mon,1964,6.71131,336
34651,Kobieta-diabeł,Onibaba,1964,7.63327,3084
31407,Pieśni z drugiego piętra,Sånger från andra våningen,2000,7.57733,5418
877594,Chleb i sól,Chleb i sól,2022,6.75729,10218
767386,Taek-si un-jeon-sa,Taek-si un-jeon-sa,2017,7.52017,942
851849,Arab Blues,Un divan à Tunis,2019,6.18771,4848
91542,Buntownicy neonowego boga,Qing shao nian nuo zha,1992,7.01393,933
229023,Blast of Silence,Blast of Silence,1961,7.20513,156
33328,Dogville,Dogville,2003,7.75034,63269
559,Ukryty wymiar,Event Horizon,1997,6.88979,47725
119575,Dziwny dom,The Old Dark House,1932,6.43923,724
106436,Człowiek Omega,The Omega Man,1971,6.01734,2191
182521,"Jeanne Dielman, Bulwar Handlowy, 1080 Bruksela","Jeanne Dielman, 23 Quai du Commerce, 1080 Bruxelles",1975,7.70463,2546
9213,Kulisty piorun,Rolling Thunder,1977,6.44645,943
1012,Speed: Niebezpieczna prędkość,Speed,1994,6.78575,137642
139114,Płynące chmury,Ukigumo,1955,7.30909,165
5768,"Ga, ga. Chwała bohaterom","Ga, ga. Chwała bohaterom",1985,7.12906,5571
4982,Uwolnienie,Deliverance,1972,7.14255,10277
10039413,Bestia,La bête,2023,5.87116,2895
848506,Zaułek koszmarów,Nightmare Alley,2021,6.64741,26674
10031772,Mall Stories - Atilla the Grilla,Mall Stories - Atilla the Grilla,2022,4,1
752541,Dzikie łowy,Hunt for the Wilderpeople,2016,7.48207,38426
34355,Punkt zapalny,3-4 x jūgatsu,1990,6.34608,523
184453,"Dwa samochody, jedna noc","Two cars, one night",2003,6.94517,766
34692,Edi,Edi,2002,7.29711,44078
496469,Niepokonani,The Way Back,2010,7.38246,79392
107197,Gdy kobieta wchodzi po schodach,Onna ga kaidan o agaru toki,1960,7.71261,341
668214,Tajemnica Filomeny,Philomena,2013,7.37886,49197
93656,Świat Apu,Apur sansar,1959,8.40238,1009
11500,"W krzywym zwierciadle: Witaj, Święty Mikołaju",Christmas Vacation,1989,7.28931,61079
204199,Boże Narodzenie,Joyeux Noël,2005,7.45507,5041
33006,Futbol z Shaolin,Siu Lam Juk Kau,2001,6.6104,20236
655844,Sąsiedzi,Neighbors,2014,6.06664,124202
3831,Amerykański wilkołak w Londynie,An American Werewolf in London,1981,6.57629,4968
6419,W paszczy szaleństwa,In the Mouth of Madness,1994,7.01207,18805
106977,Napoleon,Napoléon,1927,7.36255,502
322815,Prorok,Un prophète,2009,7.33685,34582
587931,Snowtown,Snowtown,2011,6.73364,4614
1304,Ostatni seans filmowy,The Last Picture Show,1971,7.80798,6963
106414,Zakładnik,Collateral,2004,7.22592,77652
35770,Faust,Faust - Eine deutsche Volkssage,1926,7.83938,2758
391382,Valhalla: Mroczny wojownik,Valhalla Rising,2009,6.17555,24284
1434,Zakręcony,Bedazzled,2000,6.28989,21643
848,Informator,The Insider,1999,7.43175,77818
152536,Kuracja,Kyua,1997,7.45468,4126
3914,Arachnofobia,Arachnophobia,1990,5.99226,11114
221906,Kto kogo stuknął?,Who Killed Who?,1943,6.86207,58
35702,Niewidzialny człowiek,The Invisible Man,1933,7.21271,4499
10030489,Znachor,Znachor,2023,7.46122,99362
32910,Ali G,Ali G Indahouse,2002,6.54859,65282
10022197,Święto ognia,Święto ognia,2023,6.66093,5176
10007167,Pasażerowie nocy,Les passagers de la nuit,2022,6.91534,1949
300980,Chup Chup Ke: Love Meets Confusion Meets Love...,Chup Chup Ke: Love Meets Confusion Meets Love...,2006,6.99639,277
870175,Kos,Kos,2023,7.10631,32743
136123,Piekło,Jigoku,1960,6.33628,339
111959,Zmierzch nad Tokio,Tokyo boshoku,1957,7.65579,337
111954,Późna wiosna,Banshun,1949,7.68576,1693
1111,Konopielka,Konopielka,1981,7.67639,33123
1125,Panny z Wilka,Panny z Wilka,1979,7.32909,13996
476192,Biutiful,Biutiful,2010,7.56099,18961
34665,Buffalo - rocznik 66,Buffalo '66,1998,7.63753,16385
738846,Photon,Photon,2017,7.51899,13453
31554,Alphaville,"Alphaville, une étrange aventure de Lemmy Caution",1965,6.75114,4392
8117,Nieustające wakacje,Permanent Vacation,1980,6.87968,10364
10012260,Bez litości 3. Ostatni rozdział,The Equalizer 3,2023,6.7839,29505
10015975,Filip,Filip,2022,7.03523,37558
8171,Noc na Ziemi,Night on Earth,1991,7.89588,46102
181095,Himiko,Himiko,1974,7,95
10007212,Wulkan miłości,Fire of Love,2022,7.63431,7345
111962,Dzień dobry,Ohayô,1959,7.12563,796
575916,Szpieg,Tinker Tailor Soldier Spy,2011,7.06213,75920
807600,Asako. Dzień i noc,Netemo Sametemo,2018,6.2062,839
132990,"Jedna śpiewa, druga nie","L'Une chante, l'autre pas",1976,7.23967,242
30642,"Wesołych świąt, pułkowniku Lawrence","Merry Christmas, Mr. Lawrence",1983,7.25223,2803
607536,Take Shelter,Take Shelter,2011,6.90628,9283
104118,"Ja, Kuba",Soy Cuba,1964,8.02666,1163
671707,Bone Tomahawk,Bone Tomahawk,2015,6.54498,24243
789293,Kosmiczne maszyny,Blood Machines,2019,5.82067,987
10016719,Pearl,Pearl,2022,6.97777,28425
747808,Dangal,Dangal,2016,7.85955,1958
828302,The Call,Kol,2020,6.82813,7267
143259,Rozkosz,Etsuraku,1965,6.98649,74
606993,Seishun no etsuraku,Seishun no etsuraku,1967,0,0
629409,List do Momo,Momo e no Tegami,2011,7.16899,1219
433650,"4 miesiące, 3 tygodnie i 2 dni","4 luni, 3 săptămâni şi 2 zile",2007,7.41272,26466
9692,Urzeczona,Spellbound,1945,7.48856,5946
31849,Cienie,Shadows,1959,6.84439,1793
783150,Trapped,Trapped,2016,5.71795,39
372906,Panic Mechanic,Panic Mechanic,1996,6.5,30
32020,Cheerleaderka,But I'm a Cheerleader,1999,6.83874,4564
810357,Małe kobietki,Little Women,2019,7.41211,81900
5878,Golem,Golem,1979,7.12536,5839
114743,Czarna rzeka,Kuroi kawa,1957,6.97436,78
36174,Lilja 4-ever,Lilja 4-ever,2002,7.67849,12043
38896,Strumienie miłości,Love Streams,1984,6.21216,872
826497,K.G.F: Chapter 1,K.G.F: Chapter 1,2018,6.25806,31
102466,Operacja "Y" i inne przygody Szurika,Operatsiya Y i drugiye priklyucheniya Shurika,1965,7.20087,687
34856,Wyspa,Seom,2000,7.02013,1987
31299,Bogowie muszą być szaleni,The Gods Must Be Crazy,1980,7.18545,8126
652964,W kręgu miłości,The Broken Circle Breakdown,2012,7.68926,20171
9641,Sok z żuka,Beetle Juice,1988,7.20809,196944
4913,Dni niebios,Days of Heaven,1978,7.20811,7741
117147,Żona lotnika,La femme de l'aviateur,1981,7.20106,378
7338,Gandahar,Gandahar,1988,7.42872,2869
36318,Zielona pożywka,Soylent Green,1973,6.70661,4598
10978,Werdykt,The Verdict,1982,7.45648,6916
603930,Pod skórą,Under the Skin,2013,5.68843,21183
479704,Antychryst,Antichrist,2009,5.74119,64102
10031857,Służka,It Lives Inside,2023,4.48716,1714
195,W pogoni za Amy,Chasing Amy,1997,7.02492,20745
1423,Dogma,Dogma,1999,6.95627,43767
259149,Across the Universe,Across the Universe,2007,7.31561,32797
106128,Kroniki Riddicka,The Chronicles of Riddick,2004,7.29605,115313
411786,Zdarzenie,The Happening,2008,5.29456,53469
803331,Mandy,Mandy,2018,5.99799,16452
338318,Pora umierać,Pora umierać,2007,7.87082,34898
466475,Metro strachu,The Taking of Pelham 1 2 3,2009,6.59076,51435
31892,Doktor Żywago,Doctor Zhivago,1965,7.41775,16675
35041,Cena strachu,Sorcerer,1977,7.3812,3127
214803,Zejście,The Descent,2005,6.32576,79871
119171,Słowo,Ordet,1955,7.73304,2270
1248,Glengarry Glen Ross,Glengarry Glen Ross,1992,7.20146,14018
8427,Ostatni Mohikanin,The Last of the Mohicans,1992,7.59465,104596
674190,Kick-Heart,Kick-Heart,2013,6.80208,96
1204,Krzyżacy,Krzyżacy,1960,6.61168,48251
108356,Cronos,Cronos,1993,5.75573,1744
96393,Chłopiec i jego pies,A Boy and His Dog,1975,6.59062,2560
31008,Dźwięki muzyki,The Sound of Music,1965,7.89569,17026
538,Między piekłem a niebem,What Dreams May Come,1998,7.585,102885
31725,Czarny rycerz,Black Knight,2001,6.21849,17433
30709,Martwe zło,The Evil Dead,1981,6.71831,41087
3933,Armia ciemności,Army of Darkness,1992,7.1494,31286
7773,Miłość blondynki,Lásky jedné plavovlásky,1965,7.31657,9344
1219,Bliskie spotkania III stopnia,Close Encounters of the Third Kind,1977,7.1734,31869
152444,Historia przemocy,A History of Violence,2005,6.95044,28206
876096,Infinity Pool,Infinity Pool,2023,5.76008,11112
959,Częstotliwość,Frequency,2000,7.27723,25971
106269,Interstella 5555,Interstella 5555: The 5tory of the 5ecret 5tar 5ystem,2003,7.88781,5553
91325,Czarownica,Häxan,1922,7.73251,4774
5029,W bagnie Los Angeles,Devil in a Blue Dress,1995,6.52443,3459
31714,Z zimną krwią,In Cold Blood,1967,7.68972,3716
161201,Drewniane krzyże,Les croix de bois,1932,7.4186,43
731423,Imigranci,Dheepan,2015,6.57717,4801
39157,Niewysłany list,Neotpravlennoye pismo,1959,7.2926,311
470521,Moje Winnipeg,My Winnipeg ,2007,7.33588,1310
668827,A Master Builder,A Master Builder,2013,4.43529,85
908,Anioł zagłady,El ángel exterminador,1962,7.55043,7783
96582,Błędny ognik,Le feu follet,1963,7.53816,2031
726490,Kapitan Marvel,Captain Marvel,2019,6.68187,113543
126019,Dziewczyna Gregory'ego,Gregory's Girl,1980,6.93496,123
273584,Drzewo życia,The Tree of Life,2011,5.80447,38593
30388,Malèna,Malèna,2000,7.34607,80527
37034,Czekam na ciebie w Laramie,"Gas, Food Lodging",1992,6.70443,203
1455,La Strada,La Strada,1954,7.80231,21680
96896,Wózek dziecięcy,Barnvagnen,1963,6.44295,149
229543,Muzykanci,Muzykanci,1960,7.27842,2252
32394,Ucieczka skazańca,Un condamné à mort s'est échappé ou Le vent souffle où il veut,1956,7.45284,3191
32326,Intymne oświetlenie,Intimní osvětlení,1965,7.05178,869
558338,Take This Waltz,Take This Waltz,2011,6.82098,17367
98295,Mishima,Mishima: A Life in Four Chapters,1985,7.46949,967
578577,Na zawsze Laurence,Laurence Anyways,2012,7.34992,13729
30990,Martwica mózgu,Braindead,1992,6.84765,43143
31566,Ucieczka nawigatora,Flight of the Navigator,1986,6.58966,1896
1058,Fortepian,The Piano,1993,7.78399,53251
555243,Boy,Boy,2010,7.25451,7764
707286,Co robimy w ukryciu,What We Do in the Shadows,2014,7.2291,82878
8091,Niebiańskie istoty,Heavenly Creatures,1994,6.99066,12958
129817,Dziennik złodzieja z Shinjuku,Shinjuku Dorobō Nikki,1968,5.99422,173
847549,Johnny,Johnny,2022,7.58117,83660
16,Blask,Shine,1996,7.85068,11231
1237,Misery,Misery,1990,7.59567,171702
10011968,Godland,Vanskabte Land,2022,6.85533,3947
10531,Kryjówka Białego Węża,The Lair of the White Worm,1988,5.83768,1343
212889,Kobieta znad jeziora,Onna no mizûmi,1966,7.32911,158
107754,Maboroshi no Hikari,Maboroshi no Hikari,1995,7.4375,576
164980,Stary młyn,The Old Mill,1937,7.33618,821
34795,The Tracker,The Tracker,2002,7.12931,116
335332,Samsara,Samsara,2011,8.15382,37155
863,1900: Człowiek legenda,La leggenda del pianista sull'oceano,1998,7.92777,30404
376703,Deadlock,Deadlock,1970,6.52288,153
181583,Propozycja,The Proposition,2005,7.14427,7978
109452,Withnail i ja,Withnail & I,1987,7.28204,3542
696196,Makbet,Macbeth,2015,6.54644,43092
493635,Królestwo zwierząt,Animal Kingdom,2010,6.874,16484
105722,Mikey i Nicky,Mikey and Nicky,1976,7.17433,935
1043,Tootsie,Tootsie,1982,7.45561,29942
5153,Nie oglądaj się teraz,Don't Look Now,1973,6.69399,7441
7487,Szalony pies Morgan,Mad Dog Morgan,1976,6.08525,305
226856,Małe dzieci,Little Children,2006,7.17096,31774
756406,Był sobie pies,A Dog's Purpose,2017,7.73383,69282
210898,Babel,Babel,2006,7.39076,173999
382375,"Jedz, módl się, kochaj",Eat Pray Love,2010,6.20959,84805
595266,El Infierno,El Infierno,2010,6.79044,544
11679,Wielki sen,The Big Sleep,1946,7.70762,9703
31040,Amores perros,Amores perros,2000,7.75389,71406
138762,Moloch i marionetki,Kyojin to gangu,1958,6.31148,61
859404,Baby Broker,Beurokeo,2022,6.71674,5758
38727,Zmruż oczy,Zmruż oczy,2003,6.79384,33731
165268,Wanda,Wanda,1970,6.84795,342
8708,Po godzinach,After Hours,1985,7.38401,12820
185452,Wujek Yanco,Oncle Yanco,1967,7.20398,201
162040,Kolacja z Andrzejem,My Dinner with André,1981,7.81595,1918
4439,Candy,Candy,1968,5.1588,233
624742,7 psychopatów,Seven Psychopaths,2012,6.65877,67543
779249,Samotnie na plaży pod wieczór,Bam-eui hae-byeon-e-so hon-ja,2017,6.5638,768
197046,"Lost, Lost, Lost","Lost, Lost, Lost",1976,7.38854,157
780538,Blue Jay,Blue Jay,2016,7.43322,11246
138972,Terroryści,Kong bu fen zi,1986,7.55204,884
10006530,Życie,Living,2022,6.87842,7666
192520,"Chō Jikū Yōsai Macross: Ai, Oboete Imasu ka","Chō Jikū Yōsai Macross: Ai, Oboete Imasu ka",1984,7.4625,240
490878,Kosmita Paul,Paul,2011,6.59903,37217
188979,Sześciostrzałowiec,Six Shooter,2004,7.13133,3632
564527,Zoolander 2,Zoolander 2 ,2016,4.80146,16672
10079,Telemaniak,The Cable Guy,1996,6.38958,44332
32596,Droga olbrzymów,The Big Trail,1930,6.7665,197
759639,Paterson,Paterson,2016,7.0498,50219
8330,"Olive, the Other Reindeer","Olive, the Other Reindeer",1999,7,14
30862,Deszczowa piosenka,Singin' in the Rain,1952,7.91266,54888
731602,Harmony,Harmony,2015,6.35037,137
660066,Inny świat,Inny świat,2012,8.13453,5352
694378,Bogowie,Bogowie,2014,7.98235,384210
119391,Wszystko może się przytrafić,Wszystko może się przytrafić,1995,8.06233,16750
858070,Aida,"Quo Vadis, Aïda?",2020,7.96769,21756
772700,Najlepszy,Najlepszy,2017,7.99441,107564
814639,Niepodległość,Niepodległość,2018,8.26972,7415
33181,Piętro wyżej,Piętro wyżej,1937,8.22404,13038
596324,Korespondent Bryan,Korespondent Bryan,2010,8.35513,7921
835083,Jak zostałem gangsterem. Historia prawdziwa,Jak zostałem gangsterem. Historia prawdziwa,2019,7.34064,138770
5136,Dom wariatów,Dom wariatów,1984,6.93122,12940
626117,Ace Attorney,Gyakuten saiban,2012,6.96432,1093
461946,Zapaśnik,The Wrestler,2008,7.16053,117555
32055,Atomówki - film,The Powerpuff Girls,2002,6.32143,1008
240046,W pogoni za szczęściem,The Pursuit of Happyness,2006,8.04223,280967
32888,Biały oleander,White Oleander,2002,7.49389,52720
6258,Wojna plemników,Human Nature,2001,5.8022,2816
673091,Anomalisa,Anomalisa,2015,6.82826,12030
1100,Sens życia według Monty Pythona,The Meaning of Life,1983,7.88189,131889
32051,To nie jest kolejna komedia dla kretynów,Not Another Teen Movie,2001,5.70164,51851
827264,Zabawa w pochowanego,Ready or Not,2019,6.51786,57114
93660,Nieugięty,Aparajito,1956,7.94931,1085
111574,Wizards,Wizards,1977,6.48636,843
1028,Bez twarzy,Face/Off,1997,7.07757,79512
10000405,Alcarràs,Alcarràs,2022,6.90689,4371
6124,Henry i June,Henry & June,1990,6.80441,2040
111961,Dryfująca trzcina,Ukigusa,1959,7.5172,872
6938,"Kłamca, kłamca",Liar Liar,1997,6.79393,127346
622827,Sztuki wyzwolone,Liberal Arts,2012,6.24899,7912
247575,Dom jest czarny,Khaneh siah ast,1963,7.52677,467
38421,Os Trombadinhas,Os Trombadinhas,1979,5,1
875018,Niebezpieczni dżentelmeni,Niebezpieczni dżentelmeni,2022,6.14828,26417
10011932,Moonage Daydream,Moonage Daydream,2022,7.64491,3830
806652,Biały Kieł,Croc-Blanc,2018,6.88534,2224
127092,Dzikie kwiaty,Kytice,2000,7.49671,1369
34175,Dziewczyna do wzięcia,Looking For Alibrandi,2000,7.88197,305
9876,Kropla słońca,Sunshine,1999,7.08906,7849
32451,Medea,Medea,1969,6.80661,1603
175404,Wieprze i okręty,Buta to Gunkan,1961,7.16535,127
130394,Dom,Hausu,1977,7.06172,3516
869035,Ongaku,Ongaku,2019,7.5283,53
10915,Good Night and Good Luck,"Good Night, and Good Luck.",2005,7.0976,19601
10957,Mroczne miasto,The Trigger Effect,1996,5.63243,1178
39640,Goofy na wakacjach,A Goofy Movie,1995,7.0894,12125
31349,Pancernik Potiomkin,Bronenosets Potyomkin,1925,7.446,11251
10012715,Pokerzysta,Poker Face,2022,4.94798,3941
37856,Most Północny,Le pont du Nord,1981,6.41611,149
9330,"Salo, czyli 120 dni Sodomy",Salò o le 120 giornate di Sodoma,1975,5.2209,22540
9577,Skaza,Damage,1992,6.68507,6646
823512,Polowanie,The Hunt,2020,5.86176,24248
5521,W sieci zła,Fallen,1998,7.3043,49451
5845,Glina,Un Flic,1972,6.9263,3270
11173,Tramwaj zwany pożądaniem,A Streetcar Named Desire,1951,7.67163,43024
1501,Kruk,The Crow,1994,7.28178,66402
34308,Białe noce,Le notti bianche,1957,7.5343,1108
4165,Białe noce,White Nights,1985,7.38319,1939
10011966,Nieznajomy,The Stranger,2022,6.42409,8708
11456,Wideodrom,Videodrome,1983,6.89617,12501
37647,Ciemna strona,The Dark Half,1993,5.9922,2436
733,Noc w Roxbury,A Night at the Roxbury,1998,6.86451,15595
868934,Smok mojego taty,My Father's Dragon,2022,6.3981,736
136674,Żałobna parada róż,Bara no soretsu,1969,7.75185,1350
30680,Piknik pod Wiszącą Skałą,Picnic at Hanging Rock,1975,7.3121,62556
540786,Policja zastępcza,The Other Guys,2010,5.90416,39199
225971,Zwyczajni kochankowie,Les amants réguliers,2005,6.4856,521
110535,Harvie Krumpet,Harvie Krumpet,2003,7.57083,6671
318862,Pudłaki,The Boxtrolls,2014,6.65965,12261
111024,Kieszonkowiec,Pickpocket,1959,6.84648,3817
36365,Duża ryba,Big Fish,2003,7.64101,105803
7608,Zła krew,Mauvais sang,1986,7.0231,1688
138421,Zniknął człowiek,Ningen Johatsu,1967,7.11905,84
651341,Gołąb przysiadł na gałęzi i rozmyśla o istnieniu,En Duva satt på en gren och funderade på tillvaron,2014,6.63307,8007
882,Przerwana lekcja muzyki,"Girl, Interrupted",1999,7.85918,255940
471852,W pogoni,Choo-gyeok-ja,2008,7.392,7972
30741,Dama z Szanghaju,The Lady from Shanghai,1947,7.09243,5269
406009,Bra Boys,Bra Boys,2007,6.21429,42
36819,Rumble Fish,Rumble Fish,1983,7.36087,7493
118281,Ostatnie życie we wszechświecie,Ruang rak noi nid mahasan,2003,7.28332,1253
144883,Love & Pop,Love & Pop,1998,7.26461,616
390538,Fehérlófia,Fehérlófia,1981,7.98405,439
804147,Wilczy dom,La casa lobo,2018,7.22645,552
210132,Boso przez Hiroszimę 1,Hadashi no Gen,1983,7.89474,1102
207210,A gdy zawieje wiatr,When the Wind Blows,1986,7.5867,1188
118262,Zakochany Paryż,"Paris, je t'aime",2006,7.11657,29631
135380,Tian ruo you qing,Tian ruo you qing,1990,7.2,75
546661,Wyznania,Kokuhaku ,2010,7.43307,6701
799116,Shirkers,Shirkers,2018,6.95283,636
859497,Inu-Oh,Inu-Ō,2021,6.94305,597
35846,Kobieta jest kobietą,Une femme est une femme,1961,7.46162,3622
31551,Chłodnym okiem,Medium Cool,1969,7.24179,670
554,Sztos,Sztos,1997,6.92115,51186
32226,Znaki,Signs,2002,6.25776,182747
94762,Śmierć przez powieszenie,Kōshikei,1968,7.63855,830
451900,Dziewczyna z milionem,Hyakuman-en to nigamushi onna,2008,7.02432,329
281935,Blue,Blue,2002,6.89756,205
603781,"Oslo, 31 sierpnia","Oslo, 31. august",2011,7.34192,9631
204683,Mizu no naka no hachigatsu,Mizu no naka no hachigatsu,1995,7.51724,174
8658,Pięć łatwych utworów,Five Easy Pieces,1970,7.39545,4749
8495,"Pali się, moja panno","Hoří, má panenko!",1967,7.171,8392
114662,Signum Laudis,Signum Laudis,1980,5.70833,24
191304,Dolina pszczół,Údolí včel,1967,7.59155,284
190511,Diamenty nocy,Démanty noci,1964,7.54528,1590
171099,Młot na czarownice,Kladivo na čarodějnice,1969,7.7188,1899
106307,Żart,Žert,1968,6.76923,845
12228,Kto się boi Virginii Woolf?,Who's Afraid of Virginia Woolf?,1966,7.88133,19837
168061,Kamikaze Girls,Shimotsuma monogatari,2004,7.11611,1068
393832,Kino no Tabi: Byōki no Kuni - For You,Kino no Tabi: Byōki no Kuni - For You,2007,7.56436,101
31406,Świt umarłych,Dawn of the Dead,1978,6.89574,11366
34521,Gładka skóra,La peau douce,1964,7.20532,1091
489730,Poważny człowiek,A Serious Man,2009,6.68448,40058
35019,Nieznośna lekkość bytu,The Unbearable Lightness of Being,1988,7.21173,13791
4578,Cień,Cień,1956,7.14438,1503
12092,Śmierć prezydenta,Śmierć prezydenta,1977,7.6976,4342
692037,List,List,2011,6.66667,15
1223,Wichrowe wzgórza,Wuthering Heights,1992,7.27059,44784
126356,Miłość po południu,L'Amour l'après-midi,1972,7.37962,785
7776,Miłość po południu,Love in the Afternoon,1957,7.48145,6416
138886,Paryż należy do nas,Paris nous appartient,1961,6.49026,308
30641,Christiane F. - My dzieci z dworca ZOO,Christiane F. - Wir Kinder vom Bahnhof Zoo,1981,7.28451,49155
11956,Zawód: Reporter,Professione: Reporter,1975,7.51787,9819
138739,Armia cieni,L'armée des ombres,1969,7.231,1645
10000996,Ennio,Ennio,2021,7.78685,4668
854517,Cząstki kobiety,Pieces of a Woman,2020,7.06089,29921
718580,Bóg wie co,Heaven Knows What,2014,6.4333,877
4885,Dark City: Mroczne miasto,Dark City,1998,7.23485,29461
140961,Ryzykant,Bob le flambeur,1956,6.80138,725
147262,Pusty dom,Bin-jip,2004,7.70208,22956
32455,Kobieta i mężczyzna,Un homme et une femme,1966,7.43078,4139
182520,Wieści z domu,News From Home,1977,7.337,273
802959,Trawa,Pul-ip-deul,2018,6.1319,326
138766,Czerwony anioł,Akai tenshi,1966,7.73077,156
119394,Lombardzista,The Pawnbroker,1964,7.4571,1387
297829,Wszystko za życie,Into the Wild,2007,7.8522,270743
255230,Subarnarekha,Subarnarekha,1965,7.23529,68
437653,Tokijska sonata,Tôkyô sonata,2008,7.21907,1164
127871,Baal,Baal,1970,5.94203,69
40420,Irma Vep,Irma Vep,1996,6.57801,1173
124098,Wesele,Wesele,2004,7.5663,226275
120591,Andriej Tarkowski: poeta kina,Un Poeta nel Cinema: Andreij Tarkovskij,1984,7.22857,35
564694,Róża,Róża,2011,7.80862,143735
110994,Pustka,In a Lonely Place,1950,7.51343,3500
10005432,Bubble,Baburu,2022,6.42102,1779
875506,"Paryż, 13. dzielnica",Les Olympiades,2021,6.89516,10139
253764,Kyoshin,Kyoshin,2004,7.02703,111
35149,Zatoka aniołów,La baie des anges,1963,6.97059,170
30649,Grek Zorba,Alexis Zorbas,1964,7.8097,14188
221158,Mała Miss,Little Miss Sunshine,2006,7.16513,106124
571418,Jeden dzień,One Day,2011,7.48211,171389
98027,Żebro Adama,Adam's Rib,1949,7.24733,3558
111958,Wczesna wiosna,Soshun,1956,7.51634,153
709349,Sól ziemi,Le sel de la terre,2014,8.30002,20825
101731,Drzewo pragnień,Natvris khe,1976,7.5709,268
865565,Do piaszczystego morza,À la mer poussière,2020,5.81579,38
38,Doberman,Dobermann,1997,6.91806,12961
32547,"Rzym, miasto otwarte","Roma, città aperta",1945,7.4517,4379
123507,Za naszą miłość,À nos amours,1983,6.82803,628
34004,Jawa czy sen,Waking Life,2001,7.58316,6854
319795,Dziesięć czółen,Ten Canoes,2006,7.27815,453
30427,Kwestia zaufania,Lantana,2001,6.55669,688
387821,Brudna robota,Kenny,2006,6.60606,99
787743,The Nightingale,The Nightingale,2018,7.17474,2684
32947,Chopper,Chopper,2000,6.8553,7132
93523,Zamek,The Castle,1997,6.35581,267
1232,"Priscilla, królowa pustyni","The Adventures of Priscilla, Queen of the Desert",1994,7.33564,9677
117154,Opowieść letnia,Conte d'été,1996,7.15603,2256
131606,Czarny deszcz,Kuroi ame,1989,7.3445,209
31680,Od dziewiątej do piątej,Nine to Five,1980,6.66054,1959
820781,Penguin Highway,Penguin Highway,2018,7.07558,172
766894,Dofus - Livre 1: Julith,Dofus - Livre 1: Julith,2015,7.86538,104
876198,The Windshield Wiper,The Windshield Wiper,2021,6.47426,1010
148840,Yanagawa horiwari monogatari,Yanagawa horiwari monogatari,1987,6.125,32
838817,"Kimi to, Nami ni Noretara","Kimi to, Nami ni Noretara",2019,6.7259,332
868747,Poskromiony ogród,Taming the Garden,2021,6.5942,138
8762,Pola śmierci,The Killing Fields,1984,7.73015,15331
34366,Kikujiro,Kikujirô no natsu,1999,7.51363,2531
582639,Problema,Problema,2010,6.5,2
1177,Rozmowy kontrolowane,Rozmowy kontrolowane,1991,7.42093,63808
412056,Kappa no Coo to Natsuyasumi,Kappa no Coo to Natsuyasumi,2007,7.6,60
805778,Słynny najazd niedźwiedzi na Sycylię,La fameuse invasion des ours en Sicile,2019,6.76923,676
33008,Powiększenie,Blow-Up,1966,7.71633,35612
476314,A my idziemy,"Aruitemo, Aruitemo",2008,7.45515,1349
99843,Ślubowanie,O Pagador de Promessas,1962,5.61893,391
197013,Titicut Follies,Titicut Follies,1967,7.55647,363
31654,Persona,Persona,1966,8.12531,33167
123921,Wierny ogrodnik,The Constant Gardener,2005,7.45976,70434
113025,Krew poety,Le Sang d'un poète,1930,7.49575,2001
112997,Orfeusz,Orphée,1950,7.5208,1106
95270,Sklep przy głównej ulicy,Obchod na korze,1965,7.90651,4225
95530,Krajobraz we mgle,Topio stin omichli,1988,7.44815,2247
138785,Zarządca Sansho,Sanshô dayû,1954,7.78363,2260
847304,Smak phở,Smak phở,2019,5.52523,1407
807905,Trzy twarze,Se rokh,2018,6.38636,924
300520,Hoshi o Katta Hi,Hoshi o Katta Hi,2006,6.21379,145
38341,Widmo,Les Diaboliques,1955,7.59411,4548
4826,Czysta formalność,Una pura formalità,1994,7.627,12024
33488,Noc,La notte,1961,7.66267,5834
31860,Majestic,The Majestic,2001,7.33076,10370
208486,Mad Monster Party?,Mad Monster Party?,1967,7.01613,62
371498,The Tell-Tale Heart,The Tell-Tale Heart,1953,7.20408,392
121173,Przygody Ichaboda i Pana Ropucha,The Adventures of Ichabod and Mr. Toad,1949,6.20766,862
166857,Taniec szkieletów,The Skeleton Dance,1929,7.12691,2096
306522,Iluzjonista,L'illusionniste,2010,7.44341,8782
106005,Koty nie tańczą,Cats Don't Dance,1997,6.98295,1525
738513,Little Witch Academia: Mahō Shikake no Parade,Little Witch Academia: Mahō Shikake no Parade,2015,7.20984,386
766868,Zombillenium,Zombillénium,2017,6.26101,636
582678,Człowiek znikąd,A-jeo-ssi,2010,7.58406,10177
506350,Zemsta,Fuk sau,2009,5.53367,802
118658,Krwawa Pani Śniegu,Shurayukihime,1973,7.26874,2601
570957,Ujrzałem diabła,Ak-ma-leul Bo-ass-da,2010,7.35182,14212
200684,Pani Zemsta,Chin-jeol-han Geum-ja-ssi,2005,7.44439,17309
303165,Le Visiteur,Le Visiteur,1946,0,0
35735,Dziewczyna Piętaszek,His Girl Friday,1940,7.02623,3203
6903,Krzyk w ciemności,Evil Angels,1988,6.90037,3473
826447,Memoria,Memoria,2021,6.15176,3321
417814,Każdy ma swoje kino,Chacun son cinéma ou Ce petit coup au coeur quand la lumière s'éteint et que le film commence,2007,6.93498,3476
111145,Czarny narcyz,Black Narcissus,1947,7.20849,1813
37084,Dziecko czeka,A Child Is Waiting,1963,7.02985,268
12124,Życie jest słodkie,Life Is Sweet,1990,7.11035,2048
1136,Iluminacja,Iluminacja,1972,7.20931,6727
1221,Imperium Słońca,Empire of the Sun,1987,7.7733,96883
233924,Macario,Macario,1960,7.01429,140
120513,Gdy przychodzi kot,Až přijde kocour,1963,6.909,967
810281,Andhadhun,Andhadhun,2018,6.84971,346
1231,W imię ojca,In the Name of the Father,1993,7.97305,53811
35407,Pan Smith jedzie do Waszyngtonu,Mr. Smith Goes to Washington,1939,7.68222,4371
34200,Generał,The General,1926,7.88845,6786
689545,Dzikie historie,Relatos salvajes,2014,7.60055,131318
105067,Z,Z,1969,7.55046,1417
12164,Na nabrzeżach,On the Waterfront,1954,7.6278,13764
1314,Przeminęło z wiatrem,Gone with the Wind,1939,7.9129,110711
1087,Człowiek słoń,The Elephant Man,1980,7.87467,54736
747,Porachunki,"Lock, Stock and Two Smoking Barrels",1998,7.88417,114206
32184,Skarb Sierra Madre,The Treasure of the Sierra Madre,1948,7.83504,6953
11669,Wielka ucieczka,The Great Escape,1963,7.81106,30470
912,Dzieci niebios,Bacheha-Ye aseman,1997,7.98281,10066
31277,Wszystko o Ewie,All About Eve,1950,8.00304,13477
609587,Rozstanie,Jodaeiye Nader az Simin,2011,7.62552,39658
1286,Amadeusz,Amadeus,1984,8.15783,129447
293175,Życie na podsłuchu,Das Leben der Anderen,2006,7.79561,48515
103878,Ballada o żołnierzu,Ballada o soldate,1959,7.57765,2711
300972,Mind Game,Mind Game,2004,7.65075,1592
869422,W pętli ryzyka i fantazji,Gūzen to Sōzō,2021,7.00387,3614
775434,Piękny kraj,God's Own Country,2017,7.12054,5915
7668,Zagrożenie dla społeczeństwa,Menace II Society,1993,7.40356,5791
655740,Życie Adeli – Rozdział 1 i 2,La vie d'Adèle,2013,7.00971,42440
375721,Miasto złodziei,The Town,2010,7.22452,81974
181137,Titane,Titane,2021,6.20961,14670
853563,Żeby nie było śladów,Żeby nie było śladów,2021,7.28253,20695
109360,Braterstwo broni,Tae-geug-ki Hwi-nal-ri-myeo,2004,7.77939,13961
32637,Bitwa o Algier,La battaglia di Algeri,1966,7.79799,2589
709355,Lewiatan,Leviafan,2014,7.40042,31749
5347,Ed Wood,Ed Wood,1994,7.33387,46254
132915,Złodziej z Bagdadu,The Princess and the Cobbler,1993,7.66851,1083
6919,Kto wrobił Królika Rogera,Who Framed Roger Rabbit,1988,7.07377,29726
121935,Przez ciemne zwierciadło,A Scanner Darkly,2006,7.16649,23335
775228,Nigdy cię tu nie było,You Were Never Really Here,2017,6.32763,34508
979,Pojedynek,The Duellists,1977,7.5678,7876
100219,Roboty,Robots,2005,6.50851,33553
211364,Control,Control,2007,7.72302,44238
572639,Charlie,The Perks of Being a Wallflower,2012,7.54779,148961
31793,To wspaniałe życie,It's a Wonderful Life,1946,8.1237,27906
1246,Olej Lorenza,Lorenzo's Oil,1992,7.41141,13687
9829,Strefa mroku,Twilight Zone: The Movie,1983,6.59845,4647
30576,"Jedz i pij, mężczyzno i kobieto",Yin shi nan nu,1994,7.38143,2467
6248,Hubal,Hubal,1973,7.55743,11065
8547,Parszywa dwunastka,The Dirty Dozen,1967,7.62242,52868
256833,Jedda,Jedda,1955,7.125,8
11289,Tylko dla orłów,Where Eagles Dare,1968,7.68168,29445
35308,Szkoła podstawowa,Obecná škola,1991,7.44236,3999
788233,Amerykański sen,Amerykański sen,2016,7.01173,1279
362598,To właśnie Anglia,This Is England,2006,7.62579,25181
119768,Po życiu,Wonderful Life,1998,7.34114,683
813683,Vivo,Vivo,2021,6.30166,4031
473987,Spotkania na krańcach świata,Encounters at the End of the World ,2007,7.96928,13510
31921,Zagadka Kaspara Hausera,Jeder für sich und Gott gegen alle,1974,7.58475,7752
31610,Fitzcarraldo,Fitzcarraldo,1982,7.80806,9732
718529,Scena ciszy,The Look of Silence ,2014,7.83061,3607
669566,Scena zbrodni,The Act of Killing,2012,7.82231,7198
196720,A życie trwa dalej,Zendegi va digar hich,1991,7.34717,265
901,Nie lubię poniedziałku,Nie lubię poniedziałku,1971,7.63015,112135
748247,Zwariować ze szczęścia,La pazza gioia,2016,7.04427,12040
829669,Jestem matką,I Am Mother,2019,6.44329,29635
103888,Lecą żurawie,Letyat zhuravli,1957,7.82861,10928
149069,Paryż płonie,Paris Is Burning,1990,7.86203,4385
244076,Rangeh eshgh,Rangeh eshgh,2004,8,1
32740,Moja noc u Maud,Ma nuit chez Maud,1969,7.42732,3536
7931,Moja droga panno,My Fair Lady,1964,7.61287,16271
31023,Stąd do wieczności,From Here to Eternity,1953,7.5594,8443
104413,Święta góra,The Holy Mountain,1973,7.60505,15207
891,Kochankowie z Kręgu Polarnego,Los Amantes del Círculo Polar,1998,7.6049,3060
1208,Final Fantasy,Final Fantasy: The Spirits Within,2001,6.94176,17273
741821,Aż do piekła,Hell or High Water,2016,7.09037,47806
779394,"Tamte dni, tamte noce",Call Me by Your Name,2017,7.61902,135590
648,Dziwne dni,Strange Days,1995,7.07737,12433
425641,Supersamiec,Superbad,2007,6.46429,64223
142282,Starsza pani i gołębie,La Vieille dame et les pigeons,1997,7.70251,2632
233051,Książęta i księżniczki,Princes et Princesses,2000,7.2449,49
32616,Bezsenność,Insomnia,2002,7.22192,93128
93473,Śledząc,Following,1998,7.39065,11358
95833,Ichi zabójca,Koroshiya 1,2001,7.08417,5691
804205,Szczęśliwy Lazzaro,Lazzaro Felice,2018,7.42345,9477
111144,Czerwone pantofelki,The Red Shoes,1948,7.9111,2171
897,Przypadek,Przypadek,1981,7.98605,46250
92172,Chinka,La chinoise,1967,6.97991,896
111023,Dziennik wiejskiego proboszcza,Journal d'un curé de campagne,1951,6.86064,2777
31416,Amelia,Le fabuleux destin d'Amélie Poulain,2001,7.55551,273884
11676,Basil wielki mysi detektyw,The Great Mouse Detective,1986,7.14243,4009
184427,Termometr,Termometri,1976,10,1
184426,Sami maneti,Sami maneti,1976,10,1
32544,Chciwość,Greed,1924,7.39923,1042
758,Wszystko o mojej matce,Todo sobre mi madre,1999,7.62269,71919
4824,Czym sobie na to wszystko zasłużyłam?,¿Qué he hecho yo para merecer esto!!,1984,7.46874,5246
112926,Szatańskie tango,Sátántangó,1994,8.15216,3871
99747,Boska interwencja,Yadon ilaheyya,2002,5.80797,276
644476,5 rozbitych kamer,5 Broken Cameras,2011,7.25721,2636
829458,Tam gdzieś musi być niebo,It Must Be Heaven,2019,6.60691,2432
791868,Fokstrot,Foxtrot,2017,7.11162,4327
491594,Kara no Kyōkai: Mujun Rasen,Kara no Kyōkai: Mujun Rasen,2008,7.80062,1289
807605,Kimi no Suizō o Tabetai,Kimi no Suizō o Tabetai,2018,7.86229,2193
838872,Na rauszu,Druk,2020,7.49073,93384
804146,Siedzący słoń,Da Xiang Xi Di Er Zuo,2018,7.84439,1613
30671,"Pół żartem, pół serio",Some Like It Hot,1959,7.92251,106066
34187,Eureka,Yurîka,2000,7.84786,723
7582,Męski - żeński: 15 scen z życia,"Masculin, féminin: 15 faits précis",1966,7.3111,3269
34074,Dersu Uzała,Dersu Uzala,1975,8.0097,8143
32041,Gdzie jest dom mojego przyjaciela?,Khane-ye doust kodjast?,1987,7.56376,1043
692843,20 000 dni na Ziemi,"20,000 Days on Earth",2014,7.18279,8113
1103,Wstręt,Repulsion,1965,7.68447,30095
866152,Josee to Tora to Sakana-tachi,Josee to Tora to Sakana-tachi,2020,7.57311,766
1084,Dzikość serca,Wild at Heart,1990,7.56323,67729
8896,Proces,Le Procès,1962,7.32229,4316
753736,Blanka,Blanka,2015,6.31116,466
101721,Aszik Kerib,Ashug-Karibi,1988,7.27737,548
106296,Palacz zwłok,Spalovač mrtvol,1969,7.91753,15400
119750,Choroba tropikalna,Sat Pralat,2004,7.17103,573
7992,Nadzy,Naked,1993,7.56197,6826
1126,Człowiek z żelaza,Człowiek z żelaza,1981,7.54058,31065
12137,Żądło,The Sting,1973,8.05777,80236
11900,Zabić drozda,To Kill a Mockingbird,1962,7.85753,34210
1241,Bez przebaczenia,Unforgiven,1992,7.89667,95955
3486,2046,2046,2004,7.28123,11382
91338,Młody Sherlock Holmes,"Sherlock, Jr.",1924,7.81384,2992
785443,Hiroshima ni ichiban densha ga hashitta,Hiroshima ni ichiban densha ga hashitta,1993,6,1
138786,Opowieści księżycowe,Ugetsu monogatari,1953,7.66974,3797
34825,Dzieci Triady,Lat sau san taam,1992,7.26874,3881
30696,Podwójne ubezpieczenie,Double Indemnity,1944,7.86431,10104
34707,M - Morderca,M,1931,7.77376,12186
433939,Gwiazdy na ziemi,Taare Zameen Par,2007,7.86311,4478
1240,Na skróty,Short Cuts,1993,7.54519,5532
1300,MASH,MASH,1970,7.27932,26149
8535,Paragraf 22,Catch-22,1970,6.93694,4821
789068,Bacurau,Bacurau,2019,6.69965,3123
4319,Chłopaki z sąsiedztwa,Boyz n the Hood,1991,7.46394,28006
11762,Wolny dzień Ferrisa Buellera,Ferris Bueller's Day Off,1986,7.08324,17347
32138,Mały marzyciel,Katok i skripka,1960,7.16551,864
3744,Akwarium,Akwarium,1996,7.1688,4141
138971,Chłopiec z ulicy Guling,Gu Ling Jie Shao Nian Sha Ren Shi Jian,1991,7.91643,1077
6796,Kobiety na skraju załamania nerwowego,Mujeres al borde de un ataque de nervios,1988,7.52364,17722
34334,Niech żyje miłość,Ai Qing Wan Sui,1994,7.21591,968
547745,Melancholia,Melancholia,2011,6.9359,83287
35838,F jak fałszerstwo,Vérités et mensonges,1973,7.39912,679
35307,Klub "Exotica",Exotica,1994,6.81762,976
129355,Cztery noce marzeń,Quatre nuits d'un rêveur,1971,7.01357,737
9592,Skutki noszenia kapelusza w maju,Skutki noszenia kapelusza w maju,1993,7.0399,2907
31706,Komedianci,Les enfants du paradis,1945,8.03702,1918
190306,"Małgorzata, córka Łazarza",Marketa Lazarová,1967,7.8618,1809
7900,Mucha,The Fly,1986,7.10407,45778
31351,Trzeci człowiek,The Third Man,1949,7.74905,10002
8858,Prawdziwy romans,True Romance,1993,7.51971,53963
859586,Dylemat społeczny,The Social Dilemma,2020,6.66601,26785
294222,Bez skrupułów Toma Clancy'ego,Without Remorse,2021,5.35983,6870
1094,Życie Carlita,Carlito's Way,1993,7.97538,100686
733678,Shin Gojira,Shin Gojira,2016,6.24544,3561
835486,Obiecująca. Młoda. Kobieta.,Promising Young Woman,2020,7.56133,78909
128606,Ofiara,Victim,1961,7.09434,212
641674,Upstream Color,Upstream Color,2013,5.85052,3579
1313,Kabaret,Cabaret,1972,7.97812,37472
11797,Wszystkie poranki świata,Tous les matins du monde,1991,7.85531,3352
4638,Zmartwychwstanie dziewczynki z zapałkami,Sungnyangpali sonyeoui jaerim,2002,6.4898,49
385134,A-joo Teuk-byeol-han Son-nim,A-joo Teuk-byeol-han Son-nim,2006,6.53125,32
151445,Urideului ilgeuleojin yeongung,Urideului ilgeuleojin yeongung,1992,7.42857,7
167499,Nambugun,Nambugun,1990,6.7,10
197291,Keduldo urichurum,Keduldo urichurum,1990,7.18182,11
320183,Sampoganeun kil,Sampoganeun kil,1975,6.38462,13
157216,Taebek sanmaek,Taebek sanmaek,1994,7.625,8
451875,Gidam,Gidam,2007,6.76205,643
802660,Seu-wing-ki-jeu,Seu-wing-ki-jeu,2017,7.17143,210
587569,Posępna noc,Pa-soo-ggoon,2010,7.38103,622
603129,Go-ji-jeon,Go-ji-jeon,2011,7.40095,1050
38567,Zaopiekuj się moim kotem,Goyangileul butaghae,2001,7.31008,129
794097,Mikrosiedlisko,So-gong-nyeo,2017,7.38489,1112
193160,Juyuso seubgyuksageun,Juyuso seubgyuksageun,1999,6.29677,155
685550,Kape Neuwareu,Kape Neuwareu,2009,7.94792,96
335383,Babodeuli haengjin,Babodeuli haengjin,1975,6.64286,14
872176,"Rok, który odmienił świat",The Year Earth Changed,2021,7.68021,1329
849122,Gunda,Gunda,2020,7.0883,2163
633662,Król świń,Dwae-ji-ui wang,2011,6.8724,674
706740,Stacja Seul,Seoul-yeok,2016,5.81122,731
30710,Martwe zło 2,Evil Dead II,1987,7.16015,30222
124550,Pan Zemsta,Bok-su-neun Na-ui Geot,2002,7.28887,13764
30684,Sokół maltański,The Maltese Falcon,1941,7.60251,23452
119118,Lady Eve,The Lady Eve,1941,7.2504,627
7540,Manhattan,Manhattan,1979,7.67638,34519
418687,Frownland,Frownland,2007,6.81395,43
109034,"Wszystko, na co niebo zezwala",All That Heaven Allows,1955,7.17487,1504
9181,"Rób, co należy",Do the Right Thing,1989,7.53271,10668
34663,"Kwaidan, czyli opowieści niesamowite",Kaidan,1964,7.72013,4545
32981,Dziewięć królowych,Nueve reinas,2000,7.12559,1895
31125,Pociągi pod specjalnym nadzorem,Ostře sledované vlaky,1966,7.52664,12764
1285,Brazil,Brazil,1985,7.54102,21892
7347,Lina,Rope,1948,7.39844,10875
209978,Zabójstwo Jesse'ego Jamesa przez tchórzliwego Roberta Forda,The Assassination of Jesse James by the Coward Robert Ford,2007,7.19772,50166
34371,Sonatine,Sonatine,1993,7.31787,2350
12075,Ścieżki chwały,Paths of Glory,1957,8.00006,16145
701,Sekrety i kłamstwa,Secrets & Lies,1996,7.74457,9850
207873,Talking Head,Talking Head,1992,6.65,20
3980,Avalon,Avalon,2001,5.54493,5408
1104,Dziecko Rosemary,Rosemary's Baby,1968,7.65707,153230
106425,Zły dotyk,Mysterious Skin,2004,7.45649,13319
32135,Kariera Nikosia Dyzmy,Kariera Nikosia Dyzmy,2002,6.69665,128326
123313,Sezon na misia,Open Season,2006,6.67751,77273
32,Cztery pokoje,Four Rooms,1995,7.41823,143580
453920,Kite Liberator,Kite Liberator,2008,5.35714,154
34683,Vampire Hunter D,Kyūketsuki Hunter D,1985,7.11532,5654
34353,Vampire Hunter D: Żądza krwi,Vampire Hunter D,2000,7.6632,18738
9567,Siła magnum,Magnum Force,1973,7.63404,30367
5276,Dyskretny urok burżuazji,Le charme discret de la bourgeoisie,1972,7.64339,13718
602216,Kosmos,Cosmos,1996,5.84,125
441570,The Sky Crawlers,The Sky Crawlers,2008,7.33109,1042
763805,Klient,Forushande,2016,6.96485,15192
8093,Niebo nad Berlinem,Der Himmel über Berlin,1987,7.85965,14343
7143,Piekielny Brooklyn,Last Exit to Brooklyn,1989,7.14967,755
761081,Ginga Tetsudou 999,Ginga Tetsudou 999,1979,7.66667,27
168060,Rōjin Z,Rōjin Z,1991,6.85479,303
37294,Waterloo,Waterloo,1970,7.63287,2288
4915,Uczniowska balanga,Dazed and Confused,1993,6.77145,18009
665080,Przed północą,Before Midnight,2013,7.03324,33153
4095,Przed wschodem słońca,Before Sunrise,1995,7.67485,58499
5822,Ghost World,Ghost World,2001,7.09068,14436
35952,Duch roju,El espíritu de la colmena,1973,7.47359,2669
139465,"Rzućmy książki, wyjdźmy na ulice!",Sho o Suteyo Machi e Deyō,1971,7.5978,455
112003,Amatorski gang,Bande à part,1964,7.33994,2724
714538,Artysta do bólu,The Disaster Artist,2017,7.30965,60294
11470,Viridiana,Viridiana,1961,7.57544,8225
31017,"Aguirre, gniew boży","Aguirre, der Zorn Gottes",1972,7.53288,13247
107858,Dzienniki motocyklowe,Diarios de motocicleta,2004,7.33588,18191
268732,Esperando la carroza,Esperando la carroza,1985,7.10345,29
111405,Przed zachodem słońca,Before Sunset,2004,7.52884,41580
110155,Szalony Piotruś,Pierrot le Fou,1965,7.2977,7007
4837,Człowiek z M-3,Człowiek z M-3,1968,7.37597,6051
4382,Buntownik bez powodu,Rebel Without a Cause,1955,7.43117,35311
702086,Güeros,Güeros,2014,7,103
8370,Oni żyją,They Live,1988,6.89675,26373
681326,Ask Me Anything,Ask Me Anything,2014,6.29426,4061
743356,W objęciach węża,El abrazo de la serpiente,2015,7.62358,7210
604497,Hoshi o Ou Kodomo,Hoshi o Ou Kodomo,2011,7.36024,3828
39074,Blue,Blue,1993,7.83039,961
33318,Włóczykij,Accattone,1961,7.01503,1863
869107,Pokój,Pokój,2021,5.3399,203
497211,Koń turyński,A Torinói ló,2011,7.48424,4886
4063,Barry Lyndon,Barry Lyndon,1975,7.98736,22147
31837,"Człowiek, który zabił Liberty Valance'a",The Man Who Shot Liberty Valance,1962,7.60265,3853
123361,Chwila niewinności,Nun va Goldoon,1996,7.49822,281
93632,Żyć własnym życiem,Vivre sa vie: Film en douze tableaux,1962,7.46999,6732
349764,Wkraczając w pustkę,Enter the Void,2009,7.2257,22375
851719,Cenote,Ts'onot,2019,5.7193,114
31739,Kobieta z wydm,Suna no Onna,1964,7.94042,4968
189916,Uczta wigilijna,Plácido,1961,6.51131,221
164186,Hearts and Minds,Hearts and Minds,1974,7.77869,122
661633,Dziewczynka w trampkach,Wadjda,2012,7.32423,13910
807793,Złodziejaszki,Manbiki Kazoku,2018,7.47684,24671
823526,37 sekund,37 sekanzu,2019,7.09935,1379
34393,Battle Royale,Batoru rowaiaru,2000,6.80567,16436
32556,400 batów,Les quatre cents coups,1959,7.67973,13832
32042,Zbliżenie,Nema-ye Nazdik,1990,7.75834,1469
138407,Pornograf,Erogotoshi-tachi yori: Jinruigaku nyûmon,1966,7.11184,152
31278,Bulwar Zachodzącego Słońca,Sunset Boulevard,1950,8.1321,25004
33340,25. godzina,25th Hour,2002,7.40291,71433
556376,Beasts of No Nation,Beasts of No Nation,2015,7.28931,15423
125487,Duma i uprzedzenie,Pride & Prejudice,2005,7.65789,178429
5158,Donnie Darko,Donnie Darko,2001,7.70788,217489
639024,Spring Breakers,Spring Breakers,2012,4.79822,76590
234527,Oda do radości,Oda do radości,2005,6.89277,4784
809318,Diabeł wcielony, The Devil All the Time,2020,7.07305,60318
32032,Smak wiśni,Ta'm-e gīlās,1997,7.08089,5946
118169,J.S.A.,Gongdong gyeongbi guyeok JSA,2000,7.5956,2819
166290,"Synekdocha, Nowy Jork","Synecdoche, New York",2008,7.52898,15753
30950,Konformista,Il conformista,1970,7.39017,4657
514,"Czarny kot, biały kot","Crna mačka, beli mačor",1998,7.79631,62164
4788,Czas Cyganów,Dom za vješanje,1988,7.97233,14638
132100,Stan oblężenia,État de siège,1972,7.31522,184
31687,Kacza zupa,Duck Soup,1933,7.36979,5687
74,Joe Black,Meet Joe Black,1998,7.63972,286041
1093,Zapach kobiety,Scent of a Woman,1992,8.08883,379455
836585,Article 15,Article 15,2019,7.17241,29
852953,Już mnie tu nie ma,Ya no estoy aquí,2019,6.89279,1110
481898,Ip Man,Yip Man,2008,7.84429,74374
139825,Hotel Ruanda,Hotel Rwanda,2004,7.74154,61134
99522,Miasto smutku,Bei qing cheng shi,1989,7.33333,393
34315,Rocco i jego bracia,Rocco e i suoi fratelli,1960,7.83588,4058
32704,Skrawki,Gummo,1997,7.12275,13181
98552,Wrota piekieł,Jigokumon,1953,6.701,398
817414,Midsommar. W biały dzień,Midsommar,2019,6.81868,78283
35912,Kult,The Wicker Man,1973,6.98366,9795
807718,Climax,Climax,2018,7.03244,33354
426692,Tôkyô!,Tôkyô!,2008,7.01125,1244
31016,Żółta łódź podwodna,Yellow Submarine,1968,7.67936,5464
690310,Rurōni Kenshin: Densetsu no Saigo-hen,Rurōni Kenshin: Densetsu no Saigo-hen,2014,7.22693,2243
693845,Rurōni Kenshin: Kyōto Taika-hen,Rurōni Kenshin: Kyōto Taika-hen,2014,7.25851,2851
644479,Ruroni Kenshin,Rurōni Kenshin,2012,7.29183,5164
31972,Dzika banda,The Wild Bunch,1969,7.66568,10095
125302,Machuca,Machuca,2004,7.12044,1644
771487,Parate,Parate,2010,0,0
127013,Zawsze wierni,Semper Fi,2001,7.85897,78
32700,I twoją matkę też,Y tu mamá también,2001,7.12956,30634
848440,Berlin Alexanderplatz,Berlin Alexanderplatz,2020,7.44267,7186
117108,Harmonie Werckmeistera,Werckmeister harmóniák,2000,7.91705,4521
736623,Służąca,Ah-ga-ssi,2016,7.70691,43976
614528,Kto zabił kapitana Alexa?,Who Killed Captain Alex,2010,7.3818,2077
716546,Maudie,Maudie,2016,7.76275,13627
481582,Miłość obnażona,Ai no Mukidashi,2008,7.98669,2480
870,Happy Together,Chun Gwong Cha Sit,1997,7.5369,7128
8744,Pogarda,Le mépris,1963,7.14716,5939
789687,Nić widmo,Phantom Thread,2017,7.04443,48255
33325,Lewy sercowy,Punch-Drunk Love,2002,6.43399,16286
31681,Grona gniewu,The Grapes of Wrath,1940,7.50623,4091
837168,Nomadland,Nomadland,2020,7.14203,52645
756160,Faworyta,The Favourite,2018,7.4634,95297
498146,Cisza,Das Letzte Schweigen,2010,6.65859,6438
755384,Atomic Blonde,Atomic Blonde,2017,6.49819,70608
262390,Strefa śmierci,Sha po lang,2005,6.8463,2069
4713,Coś,The Thing,1982,7.54119,109901
1041,Ben Hur,Ben-Hur,1959,7.74607,34718
487478,Tron: Dziedzictwo,TRON: Legacy,2010,6.60787,98213
11203,TRON,TRON,1982,6.95006,20406
1302,Francuski łącznik,The French Connection,1971,7.31356,17174
4376,Bullitt,Bullitt,1968,7.4113,20535
838983,Fale,Waves,2019,6.93779,6060
601503,Księstwo,Księstwo,2011,6.4963,2430
848517,DAU. Natasza,DAU. Natasha,2020,7.36989,2079
840891,Czarny niedźwiedź,Black Bear,2020,6.58886,4074
848344,Minari,Minari,2020,6.96197,20223
111711,"Wiosna, lato, jesień, zima... i wiosna",Bom yeoreum gaeul gyeoul geurigo bom,2003,7.79365,24187
180040,V jak Vendetta,V for Vendetta,2005,7.44242,299824
580801,Atlas chmur,Cloud Atlas,2012,7.10805,184396
129807,Naga młodość,Seishun zankoku monogatari,1960,6.76429,280
833620,Fritzi - przyjaźń bez granic,Fritzi - eine Wendewundergeschichte,2019,6.77293,229
149828,Saam gaang yi,Saam gaang yi,2004,7.06934,1846
255462,Świteź,Świteź,2010,6.75091,2200
427821,Bracia Karamazow,Karamazovi,2008,7.62794,10743
449973,Fala,Die Welle,2008,7.39788,33749
98163,Jarhead: Żołnierz piechoty morskiej,Jarhead,2005,7.30968,87050
12014,Zmory,Zmory,1978,7.31836,3006
6784,Klucznik,Klucznik,1979,7.52621,1450
5199,Dreszcze,Dreszcze,1981,7.41541,6632
132973,Oczekiwanie,Oczekiwanie,1962,7.28785,535
672,Lumiere i spółka,Lumière et compagnie,1995,6.9219,717
228061,The Aim,The Aim,2004,8,2
619198,Do-ga-ni,Do-ga-ni,2011,7.83154,2048
108799,Wynalazek,Primer,2004,6.50099,15118
790309,Cicha noc,Cicha noc,2017,7.31997,95676
760272,Mother!,Mother!,2017,6.2489,74491
772194,Mięso,Grave,2016,5.86246,23019
7737,Ścieżka strachu,Miller's Crossing,1990,7.23006,10671
133728,Bałkański szpieg,Balkanski špijun,1984,7.47651,149
761770,"Europa, która kocha","Europe, She Loves",2016,6.72449,98
753545,Jestem mordercą,Jestem mordercą,2016,7.20144,89833
10701,Inni,The Others,2001,7.39708,216091
231584,Ostatni król Szkocji,The Last King of Scotland,2006,7.53674,88707
8454,Oto Spinal Tap,This Is Spinal Tap,1984,7.16342,4987
434753,Green Zone,Green Zone,2010,6.9642,44976
119410,Źródło,The Fountain,2006,7.27238,92206
632382,Wróg nr 1,Zero Dark Thirty,2012,7.12944,72326
567959,Doradztwo personalne,Hodejegerne,2011,7.22332,54173
34565,Krąg,The Ring,2002,6.88336,224806
593914,American Pie: Zjazd absolwentów,American Reunion,2012,6.75435,139319
584251,Żelazna Dama,The Iron Lady,2011,6.8027,82860
271956,Katyń,Katyń,2007,6.84545,223774
286424,Droga do Guantanamo,The Road to Guantánamo,2006,6.86625,4957
1493,Excalibur,Excalibur,1981,6.76245,9236
8673,Ściana,Pink Floyd: The Wall,1982,8.06872,53521
7547,Maratończyk,Marathon Man,1976,7.50555,19814
468252,Człowiek na linie,Man on Wire,2008,7.38564,13917
115165,Fahrenheit 9.11,Fahrenheit 9/11,2004,6.42201,11348
1037,Misja,The Mission,1986,7.97679,62897
525892,Galerianki,Galerianki,2009,5.25953,190070
847,Blair Witch Project,The Blair Witch Project,1999,6.31969,129139
445353,[Rec],[Rec],2007,6.46186,152365
1076,Oszukać przeznaczenie,Final Destination,2000,6.56717,204569
9190,Rocky,Rocky,1976,7.75025,206923
464212,Skazaniec,Felon,2008,7.56764,81740
234006,Max Payne,Max Payne,2008,5.8388,76115
712,Truposz,Dead Man,1995,7.57131,45037
121413,Piła,Saw,2004,6.7027,226128
119046,Spacer po linie,Walk the Line,2005,7.5763,68199
104359,Van Helsing,Van Helsing,2004,6.7895,160087
665,Jumanji,Jumanji,1995,6.85491,263630
206047,Jaja w tropikach,Tropic Thunder,2008,5.81917,108761
110751,King Kong,King Kong,2005,6.51447,149182
1298,Patton,Patton,1970,7.10345,15273
5421,Wróg u bram,Enemy at the Gates,2001,7.88344,237099
291383,"Borat: Podpatrzone w Ameryce, aby Kazachstan rósł w siłę, a ludzie żyli dostatniej",Borat: Cultural Learnings of America for Make Benefit Glorious Nation of Kazakhstan,2006,6.60047,197689
36447,Ostatni samuraj,The Last Samurai,2003,7.65788,283904
124119,Hooligans,Hooligans,2005,7.4891,362987
